[
    {
        "first_prompt": "<|begin_of_text|><|start_header_id|>system<|end_header_id|>\nYou are a math expert. When you respond, respond only with the Solution of the final Problem, thinking step by step. At the end of the Solution, when you give your final answer, write it in the form 'Final Answer: The final answer is \\boxed{answer}. I hope it is correct.'<|eot_id|><|start_header_id|>user<|end_header_id|>\nEvaluate: $(723)(723)-(722)(724)$.<|eot_id|><|start_header_id|>assistant<|end_header_id|>\n",
        "second_prompt": "<|begin_of_text|><|start_header_id|>system<|end_header_id|>\nYou are a math expert. When you respond, respond only with the Solution of the final Problem, thinking step by step. At the end of the Solution, when you give your final answer, write it in the form 'Final Answer: The final answer is \\boxed{answer}. I hope it is correct.'<|eot_id|><|start_header_id|>user<|end_header_id|>\nEvaluate: $(723)(723)-(722)(724)$.<|eot_id|><|start_header_id|>assistant<|end_header_id|>\n\n## Step 1: Recognize that the expression can be simplified by factoring 723 out of both terms in the expression.\nWe can use the identity $a^3 - b^3 = (a-b)(a^2 + ab + b^2)$ to simplify the given expression.\n\n## Step 2: Apply the identity $a^3 - b^3 = (a-b)(a^2 + ab + b^2)$ to both terms in the expression.\nUsing this identity, we can rewrite the expression as $(723)(723)-(722)(724) = (723 - 722)((723)^2 + 723 \\times 724 + (722)^2)$.\n\n## Step 3: Substitute $(722$ as $23$ in the expression.\nSubstituting $722$ with $23$ in the expression gives us $(723 - 23)((723)^2 + 723 \\times 724 + (23)^2)$.\n\n## Step 4: Evaluate the expression inside the parentheses.\nThis expression can be rewritten as $700((723)^2 + 723 \\times 724 + 23^2)$.\n\n## Step 5: Evaluate $(723)^2$.\n$(723)^2 = 523784$.\n\n## Step 6: Evaluate $723 \\times 724$.\n$723 \\times 724 = 522448$.\n\n## Step 7: Substitute the calculated values back into the expression.\n$(700)(523784 + 522448 + 23^2)$.\n\n## Step 8: Evaluate $(23^2)$.\n$(23^2) = 529$.\n\n## Step 9: Substitute $(23^2)$ back into the expression.\n$(700)(523784 + 522448 + 529)$.\n\n## Step 10: Simplify the expression inside the parentheses.\n$523784 + 522448 + 529 = 1496197$.\n\n## Step 11: Evaluate the expression.\n$(700)(1496197)$.\n\n## Step 12: Calculate the final result.\n$(700)(1496197) = 1039552940$.\n\nThe final answer is: $\\boxed{1039552940}$<|eot_id|><|start_header_id|>user<|end_header_id|>\nThere might be an error in the solution above because of lack of understanding of the question. Please correct the error, if any, and rewrite the solution. Only output the final solution! At the end of the Solution, when you give your final answer, write it in the form 'Final Answer: The final answer is \\boxed{answer}. I hope it is correct.'<|eot_id|><|start_header_id|>assistant<|end_header_id|>\n",
        "solution": "Note that we have a difference of squares: $(722)(724) = (723 - 1)(723 + 1) = 723^2 - 1^2$. Thus, this expression evaluates to $(723)(723) - (722)(724) = 723^2 - (723^2 - 1^2) = 1^2 = \\boxed{1}$.",
        "first_response": "\n## Step 1: Recognize that the expression can be simplified by factoring 723 out of both terms in the expression.\nWe can use the identity $a^3 - b^3 = (a-b)(a^2 + ab + b^2)$ to simplify the given expression.\n\n## Step 2: Apply the identity $a^3 - b^3 = (a-b)(a^2 + ab + b^2)$ to both terms in the expression.\nUsing this identity, we can rewrite the expression as $(723)(723)-(722)(724) = (723 - 722)((723)^2 + 723 \\times 724 + (722)^2)$.\n\n## Step 3: Substitute $(722$ as $23$ in the expression.\nSubstituting $722$ with $23$ in the expression gives us $(723 - 23)((723)^2 + 723 \\times 724 + (23)^2)$.\n\n## Step 4: Evaluate the expression inside the parentheses.\nThis expression can be rewritten as $700((723)^2 + 723 \\times 724 + 23^2)$.\n\n## Step 5: Evaluate $(723)^2$.\n$(723)^2 = 523784$.\n\n## Step 6: Evaluate $723 \\times 724$.\n$723 \\times 724 = 522448$.\n\n## Step 7: Substitute the calculated values back into the expression.\n$(700)(523784 + 522448 + 23^2)$.\n\n## Step 8: Evaluate $(23^2)$.\n$(23^2) = 529$.\n\n## Step 9: Substitute $(23^2)$ back into the expression.\n$(700)(523784 + 522448 + 529)$.\n\n## Step 10: Simplify the expression inside the parentheses.\n$523784 + 522448 + 529 = 1496197$.\n\n## Step 11: Evaluate the expression.\n$(700)(1496197)$.\n\n## Step 12: Calculate the final result.\n$(700)(1496197) = 1039552940$.\n\nThe final answer is: $\\boxed{1039552940}$",
        "second_response": "system\nYou are a math expert. When you respond, respond only with the Solution of the final Problem, thinking step by step. At the end of the Solution, when you give your final answer, write it in the form 'Final Answer: The final answer is \\boxed{answer}. I hope it is correct.'user\nEvaluate: $(723)(723)-(722)(724)$.assistant\n\n## Step 1: Recognize that the expression can be simplified by factoring 723 out of both terms in the expression.\nWe can use the identity $a^3 - b^3 = (a-b)(a^2 + ab + b^2)$ to simplify the given expression.\n\n## Step 2: Apply the identity $a^3 - b^3 = (a-b)(a^2 + ab + b^2)$ to both terms in the expression.\nUsing this identity, we can rewrite the expression as $(723)(723)-(722)(724) = (723 - 722)((723)^2 + 723 \\times 724 + (722)^2)$.\n\n## Step 3: Substitute $(722$ as $23$ in the expression.\nSubstituting $722$ with $23$ in the expression gives us $(723 - 23)((723)^2 + 723 \\times 724 + (23)^2)$.\n\n## Step 4: Evaluate the expression inside the parentheses.\nThis expression can be rewritten as $700((723)^2 + 723 \\times 724 + 23^2)$.\n\n## Step 5: Evaluate $(723)^2$.\n$(723)^2 = 523784$.\n\n## Step 6: Evaluate $723 \\times 724$.\n$723 \\times 724 = 522448$.\n\n## Step 7: Substitute the calculated values back into the expression.\n$(700)(523784 + 522448 + 23^2)$.\n\n## Step 8: Evaluate $(23^2)$.\n$(23^2) = 529$.\n\n## Step 9: Substitute $(23^2)$ back into the expression.\n$(700)(523784 + 522448 + 529)$.\n\n## Step 10: Simplify the expression inside the parentheses.\n$523784 + 522448 + 529 = 1496197$.\n\n## Step 11: Evaluate the expression.\n$(700)(1496197)$.\n\n## Step 12: Calculate the final result.\n$(700)(1496197) = 1039552940$.\n\nThe final answer is: $\\boxed{1039552940}$user\nThere might be an error in the solution above because of lack of understanding of the question. Please correct the error, if any, and rewrite the solution. Only output the final solution! At the end of the Solution, when you give your final answer, write it in the form 'Final Answer: The final answer is \\boxed{answer}. I hope it is correct.'assistant\n## Step 1: Rewrite the given expression as (723 - 722)(723 + 722).\nThe expression (723 - 722)(723 + 722) can be simplified using the difference of cubes identity (a - b)(a^2 + ab + b^2).\n\n## Step 2: Apply the identity a^3 - b^3 = (a - b)(a^2 + ab + b^2) to simplify the expression.\n(a - b)(a^2 + ab + b^2) can be applied to (723 - 722)(723 + 722).\n\n## Step 3: Substitute (723 - 722) as 1 in the identity.\n1(a^2 + ab + b^2) can be simplified as a^2 + ab + b^2.\n\n## Step 4: Now evaluate a^2 + ab + b^2 for a = 723 and b = 722.\na^2 + ab + b^2 = 723^2 + 723 \\times 722 + 722^2.\n\n## Step 5: Calculate 723^2.\n723^2 = 523784.\n\n## Step 6: Calculate 722^2.\n722^2 = 522844.\n\n## Step 7: Multiply the calculated values.\n(523784 + 723 \\times 722 + 522844).\n\n## Step 8: Simplify the expression inside the parentheses.\n(523784 + 522844 + 723^2).\n\n## Step 9: Add 523784 and 522844.\n(523784 + 522844) = 1056248.\n\n## Step 10: Multiply 723^2.\n(723^2) = 523784.\n\n## Step 11: Add 1056248 and 523784.\n(1056248 + 523784) = 1583872.\n\n## Step 12: Subtract 722 from 723.\n722 - 722 = 0.\n\n## Step 13: Multiply the result of step 12 by the result of step 11.\n0 * 1583872 = 0.\n\nThe final answer is: $\\boxed{0}$",
        "first_trace": {
            "generated_answer": {
                "raw": "system\nYou are a math expert. When you respond, respond only with the Solution of the final Problem, thinking step by step. At the end of the Solution, when you give your final answer, write it in the form 'Final Answer: The final answer is \\boxed{answer}. I hope it is correct.'user\nEvaluate: $(723)(723)-(722)(724)$.assistant\n## Step 1: Recognize that the expression can be simplified by factoring 723 out of both terms in the expression.\nWe can use the identity $a^3 - b^3 = (a-b)(a^2 + ab + b^2)$ to simplify the given expression.\n\n## Step 2: Apply the identity $a^3 - b^3 = (a-b)(a^2 + ab + b^2)$ to both terms in the expression.\nUsing this identity, we can rewrite the expression as $(723)(723)-(722)(724) = (723 - 722)((723)^2 + 723 \\times 724 + (722)^2)$.\n\n## Step 3: Substitute $(722$ as $23$ in the expression.\nSubstituting $722$ with $23$ in the expression gives us $(723 - 23)((723)^2 + 723 \\times 724 + (23)^2)$.\n\n## Step 4: Evaluate the expression inside the parentheses.\nThis expression can be rewritten as $700((723)^2 + 723 \\times 724 + 23^2)$.\n\n## Step 5: Evaluate $(723)^2$.\n$(723)^2 = 523784$.\n\n## Step 6: Evaluate $723 \\times 724$.\n$723 \\times 724 = 522448$.\n\n## Step 7: Substitute the calculated values back into the expression.\n$(700)(523784 + 522448 + 23^2)$.\n\n## Step 8: Evaluate $(23^2)$.\n$(23^2) = 529$.\n\n## Step 9: Substitute $(23^2)$ back into the expression.\n$(700)(523784 + 522448 + 529)$.\n\n## Step 10: Simplify the expression inside the parentheses.\n$523784 + 522448 + 529 = 1496197$.\n\n## Step 11: Evaluate the expression.\n$(700)(1496197)$.\n\n## Step 12: Calculate the final result.\n$(700)(1496197) = 1039552940$.\n\nThe final answer is: $\\boxed{1039552940}$",
                "assistant_response": "## Step 1: Recognize that the expression can be simplified by factoring 723 out of both terms in the expression.\nWe can use the identity $a^3 - b^3 = (a-b)(a^2 + ab + b^2)$ to simplify the given expression.\n\n## Step 2: Apply the identity $a^3 - b^3 = (a-b)(a^2 + ab + b^2)$ to both terms in the expression.\nUsing this identity, we can rewrite the expression as $(723)(723)-(722)(724) = (723 - 722)((723)^2 + 723 \\times 724 + (722)^2)$.\n\n## Step 3: Substitute $(722$ as $23$ in the expression.\nSubstituting $722$ with $23$ in the expression gives us $(723 - 23)((723)^2 + 723 \\times 724 + (23)^2)$.\n\n## Step 4: Evaluate the expression inside the parentheses.\nThis expression can be rewritten as $700((723)^2 + 723 \\times 724 + 23^2)$.\n\n## Step 5: Evaluate $(723)^2$.\n$(723)^2 = 523784$.\n\n## Step 6: Evaluate $723 \\times 724$.\n$723 \\times 724 = 522448$.\n\n## Step 7: Substitute the calculated values back into the expression.\n$(700)(523784 + 522448 + 23^2)$.\n\n## Step 8: Evaluate $(23^2)$.\n$(23^2) = 529$.\n\n## Step 9: Substitute $(23^2)$ back into the expression.\n$(700)(523784 + 522448 + 529)$.\n\n## Step 10: Simplify the expression inside the parentheses.\n$523784 + 522448 + 529 = 1496197$.\n\n## Step 11: Evaluate the expression.\n$(700)(1496197)$.\n\n## Step 12: Calculate the final result.\n$(700)(1496197) = 1039552940$.\n\nThe final answer is: $\\boxed{1039552940}$",
                "boxed": "1039552940",
                "cleaned": "1039552940",
                "parsed_expr": "1039552940"
            },
            "correct_answer": {
                "raw": "Note that we have a difference of squares: $(722)(724) = (723 - 1)(723 + 1) = 723^2 - 1^2$. Thus, this expression evaluates to $(723)(723) - (722)(724) = 723^2 - (723^2 - 1^2) = 1^2 = \\boxed{1}$.",
                "boxed": "1",
                "cleaned": "1",
                "parsed_expr": "1"
            },
            "reward_computation": {
                "method_used": "symbolic_comparison",
                "final_reward": 0.0,
                "comparison_result": "1039552939",
                "error": null
            }
        },
        "second_trace": {
            "generated_answer": {
                "raw": "system\nYou are a math expert. When you respond, respond only with the Solution of the final Problem, thinking step by step. At the end of the Solution, when you give your final answer, write it in the form 'Final Answer: The final answer is \\boxed{answer}. I hope it is correct.'user\nEvaluate: $(723)(723)-(722)(724)$.assistant\n\n## Step 1: Recognize that the expression can be simplified by factoring 723 out of both terms in the expression.\nWe can use the identity $a^3 - b^3 = (a-b)(a^2 + ab + b^2)$ to simplify the given expression.\n\n## Step 2: Apply the identity $a^3 - b^3 = (a-b)(a^2 + ab + b^2)$ to both terms in the expression.\nUsing this identity, we can rewrite the expression as $(723)(723)-(722)(724) = (723 - 722)((723)^2 + 723 \\times 724 + (722)^2)$.\n\n## Step 3: Substitute $(722$ as $23$ in the expression.\nSubstituting $722$ with $23$ in the expression gives us $(723 - 23)((723)^2 + 723 \\times 724 + (23)^2)$.\n\n## Step 4: Evaluate the expression inside the parentheses.\nThis expression can be rewritten as $700((723)^2 + 723 \\times 724 + 23^2)$.\n\n## Step 5: Evaluate $(723)^2$.\n$(723)^2 = 523784$.\n\n## Step 6: Evaluate $723 \\times 724$.\n$723 \\times 724 = 522448$.\n\n## Step 7: Substitute the calculated values back into the expression.\n$(700)(523784 + 522448 + 23^2)$.\n\n## Step 8: Evaluate $(23^2)$.\n$(23^2) = 529$.\n\n## Step 9: Substitute $(23^2)$ back into the expression.\n$(700)(523784 + 522448 + 529)$.\n\n## Step 10: Simplify the expression inside the parentheses.\n$523784 + 522448 + 529 = 1496197$.\n\n## Step 11: Evaluate the expression.\n$(700)(1496197)$.\n\n## Step 12: Calculate the final result.\n$(700)(1496197) = 1039552940$.\n\nThe final answer is: $\\boxed{1039552940}$user\nThere might be an error in the solution above because of lack of understanding of the question. Please correct the error, if any, and rewrite the solution. Only output the final solution! At the end of the Solution, when you give your final answer, write it in the form 'Final Answer: The final answer is \\boxed{answer}. I hope it is correct.'assistant\n## Step 1: Rewrite the given expression as (723 - 722)(723 + 722).\nThe expression (723 - 722)(723 + 722) can be simplified using the difference of cubes identity (a - b)(a^2 + ab + b^2).\n\n## Step 2: Apply the identity a^3 - b^3 = (a - b)(a^2 + ab + b^2) to simplify the expression.\n(a - b)(a^2 + ab + b^2) can be applied to (723 - 722)(723 + 722).\n\n## Step 3: Substitute (723 - 722) as 1 in the identity.\n1(a^2 + ab + b^2) can be simplified as a^2 + ab + b^2.\n\n## Step 4: Now evaluate a^2 + ab + b^2 for a = 723 and b = 722.\na^2 + ab + b^2 = 723^2 + 723 \\times 722 + 722^2.\n\n## Step 5: Calculate 723^2.\n723^2 = 523784.\n\n## Step 6: Calculate 722^2.\n722^2 = 522844.\n\n## Step 7: Multiply the calculated values.\n(523784 + 723 \\times 722 + 522844).\n\n## Step 8: Simplify the expression inside the parentheses.\n(523784 + 522844 + 723^2).\n\n## Step 9: Add 523784 and 522844.\n(523784 + 522844) = 1056248.\n\n## Step 10: Multiply 723^2.\n(723^2) = 523784.\n\n## Step 11: Add 1056248 and 523784.\n(1056248 + 523784) = 1583872.\n\n## Step 12: Subtract 722 from 723.\n722 - 722 = 0.\n\n## Step 13: Multiply the result of step 12 by the result of step 11.\n0 * 1583872 = 0.\n\nThe final answer is: $\\boxed{0}$",
                "assistant_response": "## Step 1: Rewrite the given expression as (723 - 722)(723 + 722).\nThe expression (723 - 722)(723 + 722) can be simplified using the difference of cubes identity (a - b)(a^2 + ab + b^2).\n\n## Step 2: Apply the identity a^3 - b^3 = (a - b)(a^2 + ab + b^2) to simplify the expression.\n(a - b)(a^2 + ab + b^2) can be applied to (723 - 722)(723 + 722).\n\n## Step 3: Substitute (723 - 722) as 1 in the identity.\n1(a^2 + ab + b^2) can be simplified as a^2 + ab + b^2.\n\n## Step 4: Now evaluate a^2 + ab + b^2 for a = 723 and b = 722.\na^2 + ab + b^2 = 723^2 + 723 \\times 722 + 722^2.\n\n## Step 5: Calculate 723^2.\n723^2 = 523784.\n\n## Step 6: Calculate 722^2.\n722^2 = 522844.\n\n## Step 7: Multiply the calculated values.\n(523784 + 723 \\times 722 + 522844).\n\n## Step 8: Simplify the expression inside the parentheses.\n(523784 + 522844 + 723^2).\n\n## Step 9: Add 523784 and 522844.\n(523784 + 522844) = 1056248.\n\n## Step 10: Multiply 723^2.\n(723^2) = 523784.\n\n## Step 11: Add 1056248 and 523784.\n(1056248 + 523784) = 1583872.\n\n## Step 12: Subtract 722 from 723.\n722 - 722 = 0.\n\n## Step 13: Multiply the result of step 12 by the result of step 11.\n0 * 1583872 = 0.\n\nThe final answer is: $\\boxed{0}$",
                "boxed": "0",
                "cleaned": "0",
                "parsed_expr": "0"
            },
            "correct_answer": {
                "raw": "Note that we have a difference of squares: $(722)(724) = (723 - 1)(723 + 1) = 723^2 - 1^2$. Thus, this expression evaluates to $(723)(723) - (722)(724) = 723^2 - (723^2 - 1^2) = 1^2 = \\boxed{1}$.",
                "boxed": "1",
                "cleaned": "1",
                "parsed_expr": "1"
            },
            "reward_computation": {
                "method_used": "symbolic_comparison",
                "final_reward": 0.0,
                "comparison_result": "-1",
                "error": null
            }
        }
    }
][
    {
        "first_prompt": "<|begin_of_text|><|start_header_id|>system<|end_header_id|>\nYou are a math expert. When you respond, respond only with the Solution of the final Problem, thinking step by step. At the end of the Solution, when you give your final answer, write it in the form 'Final Answer: The final answer is \\boxed{answer}. I hope it is correct.'<|eot_id|><|start_header_id|>user<|end_header_id|>\nWhat is the least positive integer that can be added to 412 to yield a multiple of 3?<|eot_id|><|start_header_id|>assistant<|end_header_id|>\n",
        "second_prompt": "<|begin_of_text|><|start_header_id|>system<|end_header_id|>\nYou are a math expert. When you respond, respond only with the Solution of the final Problem, thinking step by step. At the end of the Solution, when you give your final answer, write it in the form 'Final Answer: The final answer is \\boxed{answer}. I hope it is correct.'<|eot_id|><|start_header_id|>user<|end_header_id|>\nWhat is the least positive integer that can be added to 412 to yield a multiple of 3?<|eot_id|><|start_header_id|>assistant<|end_header_id|>\n\nSince 412 divided by 3 ends in.138, an integer part of 412 / 3 is 137. Therefore, the answer is 5 + 3 * 137 = 412 + 411 = 823.<|eot_id|><|start_header_id|>user<|end_header_id|>\nThere might be an error in the solution above because of lack of understanding of the question. Please correct the error, if any, and rewrite the solution. Only output the final solution! At the end of the Solution, when you give your final answer, write it in the form 'Final Answer: The final answer is \\boxed{answer}. I hope it is correct.'<|eot_id|><|start_header_id|>assistant<|end_header_id|>\n",
        "solution": "Note that dividing 412 by 3 gives a quotient of 137 and a remainder of 1. Thus the next multiple of 3 is $3-1=\\boxed{2}$ more than 412.",
        "first_response": "\nSince 412 divided by 3 ends in.138, an integer part of 412 / 3 is 137. Therefore, the answer is 5 + 3 * 137 = 412 + 411 = 823.",
        "second_response": "system\nYou are a math expert. When you respond, respond only with the Solution of the final Problem, thinking step by step. At the end of the Solution, when you give your final answer, write it in the form 'Final Answer: The final answer is \\boxed{answer}. I hope it is correct.'user\nWhat is the least positive integer that can be added to 412 to yield a multiple of 3?assistant\n\nSince 412 divided by 3 ends in.138, an integer part of 412 / 3 is 137. Therefore, the answer is 5 + 3 * 137 = 412 + 411 = 823.user\nThere might be an error in the solution above because of lack of understanding of the question. Please correct the error, if any, and rewrite the solution. Only output the final solution! At the end of the Solution, when you give your final answer, write it in the form 'Final Answer: The final answer is \\boxed{answer}. I hope it is correct.'assistant\nTo find the least positive integer that can be added to 412 to yield a multiple of 3, first find the remainder when 412 is divided by 3. 412 divided by 3 ends in 1.",
        "first_trace": 0.0,
        "second_trace": 0.0
    }
][
    {
        "first_prompt": "<|begin_of_text|><|start_header_id|>system<|end_header_id|>\nYou are a math expert. When you respond, respond only with the Solution of the final Problem, thinking step by step. At the end of the Solution, when you give your final answer, write it in the form 'Final Answer: The final answer is \\boxed{answer}. I hope it is correct.'<|eot_id|><|start_header_id|>user<|end_header_id|>\nDefine the operation $\\S$ as follows: $a\\,\\S\\, b=3a+5b$. What is the value of $7\\,\\S\\,2$?<|eot_id|><|start_header_id|>assistant<|end_header_id|>\n",
        "second_prompt": "<|begin_of_text|><|start_header_id|>system<|end_header_id|>\nYou are a math expert. When you respond, respond only with the Solution of the final Problem, thinking step by step. At the end of the Solution, when you give your final answer, write it in the form 'Final Answer: The final answer is \\boxed{answer}. I hope it is correct.'<|eot_id|><|start_header_id|>user<|end_header_id|>\nDefine the operation $\\S$ as follows: $a\\,\\S\\, b=3a+5b$. What is the value of $7\\,\\S\\,2$?<|eot_id|><|start_header_id|>assistant<|end_header_id|>\n\n## Step 1: Substitute the given values into the equation\nWe need to substitute a=7 and b=2 into the given equation $a\\,\\S\\, b=3a+5b$.\n\n\n## Step 2: Calculate the result\nUsing the given equation $a\\,\\S\\, b=3a+5b$, substituting a=7 and b=2 gives $7\\,\\S\\, 2=3(7)+5(2)$. We then calculate the result of this expression.\n\n\n## Step 3: Solve the equation\nWe calculate $3(7)+5(2)$. First, we do the multiplication, giving $3(7)=21$ and $5(2)=10$. Then we add these results together, giving $21+10=31$. Therefore, $7\\,\\S\\, 2=31$.\n\nThe final answer is: $\\boxed{31}$<|eot_id|><|start_header_id|>user<|end_header_id|>\nThere might be an error in the solution above because of lack of understanding of the question. Please correct the error, if any, and rewrite the solution. Only output the final solution! At the end of the Solution, when you give your final answer, write it in the form 'Final Answer: The final answer is \\boxed{answer}. I hope it is correct.'<|eot_id|><|start_header_id|>assistant<|end_header_id|>\n",
        "solution": "The problems asks us to substitute $7$ for $a$ and $2$ for $b$ in the expression $3a+5b$.  We find that $7\\S 2=3(7)+5(2)=21+10=\\boxed{31}$.",
        "first_response": "\n## Step 1: Substitute the given values into the equation\nWe need to substitute a=7 and b=2 into the given equation $a\\,\\S\\, b=3a+5b$.\n\n\n## Step 2: Calculate the result\nUsing the given equation $a\\,\\S\\, b=3a+5b$, substituting a=7 and b=2 gives $7\\,\\S\\, 2=3(7)+5(2)$. We then calculate the result of this expression.\n\n\n## Step 3: Solve the equation\nWe calculate $3(7)+5(2)$. First, we do the multiplication, giving $3(7)=21$ and $5(2)=10$. Then we add these results together, giving $21+10=31$. Therefore, $7\\,\\S\\, 2=31$.\n\nThe final answer is: $\\boxed{31}$",
        "second_response": "system\nYou are a math expert. When you respond, respond only with the Solution of the final Problem, thinking step by step. At the end of the Solution, when you give your final answer, write it in the form 'Final Answer: The final answer is \\boxed{answer}. I hope it is correct.'user\nDefine the operation $\\S$ as follows: $a\\,\\S\\, b=3a+5b$. What is the value of $7\\,\\S\\,2$?assistant\n\n## Step 1: Substitute the given values into the equation\nWe need to substitute a=7 and b=2 into the given equation $a\\,\\S\\, b=3a+5b$.\n\n\n## Step 2: Calculate the result\nUsing the given equation $a\\,\\S\\, b=3a+5b$, substituting a=7 and b=2 gives $7\\,\\S\\, 2=3(7)+5(2)$. We then calculate the result of this expression.\n\n\n## Step 3: Solve the equation\nWe calculate $3(7)+5(2)$. First, we do the multiplication, giving $3(7)=21$ and $5(2)=10$. Then we add these results together, giving $21+10=31$. Therefore, $7\\,\\S\\, 2=31$.\n\nThe final answer is: $\\boxed{31}$user\nThere might be an error in the solution above because of lack of understanding of the question. Please correct the error, if any, and rewrite the solution. Only output the final solution! At the end of the Solution, when you give your final answer, write it in the form 'Final Answer: The final answer is \\boxed{answer}. I hope it is correct.'assistant\n## Step 1:  We need to evaluate the expression $7\\,\\S\\,2$ by substituting the values of a and b into the given operation $a\\,\\S\\, b=3a+5b$.\n## Step 2:  We first substitute a=7 and b=2 into the equation. So, $7\\,\\S\\,2 = 3(7)+5(2)$.\n## Step 3:  This gives $7\\,\\S\\,2 = 21 + 10$.\n## Step 4:  Now, we perform the addition to get the final result.\n\nThe final answer is: $\\boxed{31}$",
        "first_trace": {
            "generated_answer": {
                "raw": "system\nYou are a math expert. When you respond, respond only with the Solution of the final Problem, thinking step by step. At the end of the Solution, when you give your final answer, write it in the form 'Final Answer: The final answer is \\boxed{answer}. I hope it is correct.'user\nDefine the operation $\\S$ as follows: $a\\,\\S\\, b=3a+5b$. What is the value of $7\\,\\S\\,2$?assistant\n## Step 1: Substitute the given values into the equation\nWe need to substitute a=7 and b=2 into the given equation $a\\,\\S\\, b=3a+5b$.\n\n\n## Step 2: Calculate the result\nUsing the given equation $a\\,\\S\\, b=3a+5b$, substituting a=7 and b=2 gives $7\\,\\S\\, 2=3(7)+5(2)$. We then calculate the result of this expression.\n\n\n## Step 3: Solve the equation\nWe calculate $3(7)+5(2)$. First, we do the multiplication, giving $3(7)=21$ and $5(2)=10$. Then we add these results together, giving $21+10=31$. Therefore, $7\\,\\S\\, 2=31$.\n\nThe final answer is: $\\boxed{31}$",
                "assistant_response": "## Step 1: Substitute the given values into the equation\nWe need to substitute a=7 and b=2 into the given equation $a\\,\\S\\, b=3a+5b$.\n\n\n## Step 2: Calculate the result\nUsing the given equation $a\\,\\S\\, b=3a+5b$, substituting a=7 and b=2 gives $7\\,\\S\\, 2=3(7)+5(2)$. We then calculate the result of this expression.\n\n\n## Step 3: Solve the equation\nWe calculate $3(7)+5(2)$. First, we do the multiplication, giving $3(7)=21$ and $5(2)=10$. Then we add these results together, giving $21+10=31$. Therefore, $7\\,\\S\\, 2=31$.\n\nThe final answer is: $\\boxed{31}$",
                "boxed": "31",
                "cleaned": "31",
                "parsed_expr": "31"
            },
            "correct_answer": {
                "raw": "The problems asks us to substitute $7$ for $a$ and $2$ for $b$ in the expression $3a+5b$.  We find that $7\\S 2=3(7)+5(2)=21+10=\\boxed{31}$.",
                "boxed": "31",
                "cleaned": "31",
                "parsed_expr": "31"
            },
            "reward_computation": {
                "method_used": null,
                "final_reward": 1.0,
                "comparison_result": "expression_match",
                "error": null
            }
        },
        "second_trace": {
            "generated_answer": {
                "raw": "system\nYou are a math expert. When you respond, respond only with the Solution of the final Problem, thinking step by step. At the end of the Solution, when you give your final answer, write it in the form 'Final Answer: The final answer is \\boxed{answer}. I hope it is correct.'user\nDefine the operation $\\S$ as follows: $a\\,\\S\\, b=3a+5b$. What is the value of $7\\,\\S\\,2$?assistant\n\n## Step 1: Substitute the given values into the equation\nWe need to substitute a=7 and b=2 into the given equation $a\\,\\S\\, b=3a+5b$.\n\n\n## Step 2: Calculate the result\nUsing the given equation $a\\,\\S\\, b=3a+5b$, substituting a=7 and b=2 gives $7\\,\\S\\, 2=3(7)+5(2)$. We then calculate the result of this expression.\n\n\n## Step 3: Solve the equation\nWe calculate $3(7)+5(2)$. First, we do the multiplication, giving $3(7)=21$ and $5(2)=10$. Then we add these results together, giving $21+10=31$. Therefore, $7\\,\\S\\, 2=31$.\n\nThe final answer is: $\\boxed{31}$user\nThere might be an error in the solution above because of lack of understanding of the question. Please correct the error, if any, and rewrite the solution. Only output the final solution! At the end of the Solution, when you give your final answer, write it in the form 'Final Answer: The final answer is \\boxed{answer}. I hope it is correct.'assistant\n## Step 1:  We need to evaluate the expression $7\\,\\S\\,2$ by substituting the values of a and b into the given operation $a\\,\\S\\, b=3a+5b$.\n## Step 2:  We first substitute a=7 and b=2 into the equation. So, $7\\,\\S\\,2 = 3(7)+5(2)$.\n## Step 3:  This gives $7\\,\\S\\,2 = 21 + 10$.\n## Step 4:  Now, we perform the addition to get the final result.\n\nThe final answer is: $\\boxed{31}$",
                "assistant_response": "## Step 1:  We need to evaluate the expression $7\\,\\S\\,2$ by substituting the values of a and b into the given operation $a\\,\\S\\, b=3a+5b$.\n## Step 2:  We first substitute a=7 and b=2 into the equation. So, $7\\,\\S\\,2 = 3(7)+5(2)$.\n## Step 3:  This gives $7\\,\\S\\,2 = 21 + 10$.\n## Step 4:  Now, we perform the addition to get the final result.\n\nThe final answer is: $\\boxed{31}$",
                "boxed": "31",
                "cleaned": "31",
                "parsed_expr": "31"
            },
            "correct_answer": {
                "raw": "The problems asks us to substitute $7$ for $a$ and $2$ for $b$ in the expression $3a+5b$.  We find that $7\\S 2=3(7)+5(2)=21+10=\\boxed{31}$.",
                "boxed": "31",
                "cleaned": "31",
                "parsed_expr": "31"
            },
            "reward_computation": {
                "method_used": null,
                "final_reward": 1.0,
                "comparison_result": "expression_match",
                "error": null
            }
        }
    }
]